step,time,mode,throughput,mean_speed,avg_ttc,crit_events
0,0.1,Custom,0,30.13677266666667,,0
3000,300.1,Custom,161,22.550576546224782,1.0,0
6000,600.1,Custom,534,22.311856396941177,0.9963454369128841,1
9000,900.1,Custom,898,21.361845321313098,1.0,0
12000,1200.1,Custom,1235,19.503358783351054,1.0,0
15000,1500.1,Custom,1623,19.246729137772064,0.9952347979824577,1
18000,1800.1,Custom,2006,21.346971900377017,1.0,0
