step,time,mode,throughput,mean_speed,avg_ttc,crit_events
0,0.1,No_Control,0,30.13677266666667,,0
3000,300.1,No_Control,124,17.275838893716575,1.0,0
6000,600.1,No_Control,363,10.46036191630806,1.0,0
9000,900.1,No_Control,596,6.894338765966755,1.0,0
12000,1200.1,No_Control,838,4.791864208943953,1.0,0
15000,1500.1,No_Control,1077,4.578654612918779,0.9999313606924166,1
18000,1800.1,No_Control,1316,4.44764214898555,1.0,0
