step,time,mode,throughput,mean_speed,avg_ttc,crit_events
0,0.1,Custom,0,30.13677266666667,,0
3000,300.1,Custom,157,19.50913543902735,1.0,0
6000,600.1,Custom,494,16.06376799465378,0.9731504584351369,3
9000,900.1,Custom,802,14.510425902526293,0.987408739799377,2
12000,1200.1,Custom,1101,15.300576012644921,0.9919014913108165,2
15000,1500.1,Custom,1433,14.799453692147642,0.9962116606208987,1
18000,1800.1,Custom,1767,14.847351331021112,0.9967210110356022,1
