step,time,mode,throughput,mean_speed,avg_ttc,crit_events
0,0.1,No_Control,0,30.13677266666667,,0
3000,300.1,No_Control,125,17.765111704980022,1.0,0
6000,600.1,No_Control,385,10.915471725659405,1.0,0
9000,900.1,No_Control,650,7.201220238838896,1.0,0
12000,1200.1,No_Control,922,7.270812849378049,1.0,0
15000,1500.1,No_Control,1201,7.250266289275946,1.0,0
18000,1800.1,No_Control,1474,7.185798936218767,1.0,0
