step,time,mode,throughput,mean_speed,avg_ttc,crit_events
0,0.1,Baseline,0,30.13677266666667,,0
3000,300.1,Baseline,130,17.815324305760296,0.9982247571376246,2
6000,600.1,Baseline,412,10.57893343361547,1.0,0
9000,900.1,Baseline,658,8.166280459826327,1.0,0
12000,1200.1,Baseline,901,8.357844331875986,1.0,0
15000,1500.1,Baseline,1160,8.428610958957377,1.0,0
18000,1800.1,Baseline,1417,8.498473586344227,1.0,0
