step,time,mode,throughput,mean_speed,avg_ttc,crit_events
0,0.1,Baseline,0,30.13677266666667,,0
3000,300.1,Baseline,145,21.439443223898824,1.0,0
6000,600.1,Baseline,474,16.1623471898416,1.0,0
9000,900.1,Baseline,778,12.76475711488228,1.0,0
12000,1200.1,Baseline,1106,11.938964883336691,0.9999280139314203,1
15000,1500.1,Baseline,1470,11.054305682817102,1.0,0
18000,1800.1,Baseline,1809,10.45452253451801,0.9995026651750439,2
